{
  "editorVersion": "6.4.19.4",
  "docType": "5",
  "title": "DFPlayer_7",
  "description": "",
  "colors": {},
  "schematics": [
    {
      "docType": "1",
      "title": "Sheet_1",
      "description": "",
      "dataStr": {
        "head": {
          "docType": "1",
          "editorVersion": "6.4.19.4",
          "newgId": true,
          "c_para": {
            "Prefix Start": "1"
          },
          "c_spiceCmd": "null",
          "hasIdFlag": true,
          "uuid": "a3bc5cf00b9a40e0bcb596f38d382ecd",
          "x": "0",
          "y": "0",
          "portOfADImportHack": "",
          "importFlag": 0,
          "transformList": ""
        },
        "canvas": "CA~1000~1000~#FFFFFF~yes~#CCCCCC~5~1000~1000~line~5~pixel~5~0~0",
        "shape": [
          "W~345 -290 345 -270~#008800~1~0~none~gge251~0",
          "W~345 -330 345 -355~#008800~1~0~none~gge252~0",
          "LIB~345~-310~package`SMB_L4.6-W3.6-LS5.3-BI`BOM_Supplier`LCSC`BOM_Supplier Part`C383713`BOM_Manufacturer`Bourne Semicon (Shenzhen)`BOM_Manufacturer Part`SMBJ6.8CA`Contributor`LCSC`SMT Type`Extend`BOM_JLCPCB SMD`Yes`BOM_LCSC Assembly`Yes`BOM_Paste Type`expand`spicePre`D`spiceSymbolName`SMBJ6.8CA_C383713`Package Display`No`~90~0~gge39ad2a40f776e636~2df20b8592c1418bb806d41867ec78de~9615a738ea1b4c89a54d2f0074aa765c~0~~yes~yes#@$T~N~353~-297.828125~0~#000080~Arial~~~~~comment~SMBJ6.8CA_C383713~1~start~gge255~0~#@$T~P~353~-306.83~0~#000080~Arial~~~~~comment~D1~1~start~gge257~0~#@$P~show~0~2~345~-330~90~gge259~0^^345~-330^^M 345 -330 v 10~#8D2323^^0~348~-317~270~2~end~~~#8D2323^^0~344~-321~270~2~start~~~#8D2323^^0~345~-323^^0~M 342 -320 L 345 -317 L 348 -320#@$P~show~0~1~345~-290~270~gge266~0^^345~-290^^M 345 -290 v -10~#8D2323^^0~348~-303~270~1~start~~~#8D2323^^0~344~-299~270~1~end~~~#8D2323^^0~345~-297^^0~M 348 -300 L 345 -303 L 342 -300#@$PG~340 -300 345 -310 350 -300~#880000~1~0~none~gge273~0#@$PG~340 -320 345 -310 350 -320~#880000~1~0~none~gge274~0#@$PL~339 -308 339 -308 339 -310 351 -310 351 -312 351 -312~#880000~1~0~none~gge275~0",
          "W~395 -740 375 -740 375 -700 545 -700 545 -740~#008800~1~0~none~gge439~0",
          "F~part_netLabel_VCC~395~-800~90~gge440~~0^^395~-800^^5V~#000000~369.828125~-795.796875~0~start~1~Times New Roman~9pt~flag_gge5^^PL~385 -800 395 -800~#000000~1~0~transparent~gge444~0^^PL~385 -795 385 -805~#000000~1~0~transparent~gge445~0",
          "W~560 -740 505 -740~#008800~1~0~none~gge446~0",
          "F~part_netLabel_gnD~560~-740~90~gge447~~0^^560~-740^^GND~#000000~576.5~-735.8359375~0~start~1~Times New Roman~9pt~flag_gge6^^PL~570 -740 560 -740~#000000~1~0~transparent~gge451~0^^PL~570 -731 570 -749~#000000~1~0~transparent~gge452~0^^PL~572 -734 572 -746~#000000~1~0~transparent~gge453~0^^PL~574 -737 574 -743~#000000~1~0~transparent~gge454~0^^PL~576 -739 576 -741~#000000~1~0~transparent~gge455~0",
          "W~570 -800 560 -800~#008800~1~0~none~gge456~0",
          "W~395 -730 355 -730~#008800~1~0~none~gge457~0",
          "W~395 -790 380 -790~#008800~1~0~none~gge458~0",
          "W~520 -800 505 -800~#008800~1~0~none~gge459~0",
          "LIB~540~-800~package`R1210`BOM_Supplier`LCSC`BOM_Manufacturer`UniOhm`BOM_Manufacturer Part`1210W3F2000T5E`nameAlias`Resistance (Ohms)`BOM_Supplier Part`C55914`SMT Type`Extend`BOM_JLCPCB SMD`Yes`BOM_LCSC Assembly`Yes`spicePre`R`spiceSymbolName`1210W3F2000T5E`Package Display`Yes`BOM_link`https://item.taobao.com/item.htm?spm=a312a.7700824.w4002-22706186256.13.278d570fzKoP2l&id=602078011139`~180~0~ggeb60189617cd9697f~c9096ef99b8540f5a8207dff5e428311~2b5ea7de4ac5c0ae7fd8028878f44039~0~~yes~yes#@$T~N~534.03125~-807~0~#000080~Arial~~~~~comment~200~1~start~gge462~0~#@$T~P~534.03125~-816.0078125~0~#000080~Arial~~~~~comment~R4~1~start~gge464~0~#@$P~show~1~2~520~-800~180~gge466~0^^520~-800^^M 520 -800 h 10~#000000^^0~535~-797~0~2~start~~~#000000^^0~525~-801~0~2~end~~~#000000^^0~527~-800^^0~M 530 -797 L 533 -800 L 530 -803#@$P~show~1~1~560~-800~0~gge473~0^^560~-800^^M 560 -800 h -10~#000000^^0~545~-797~0~1~end~~~#000000^^0~555~-801~0~1~start~~~#000000^^0~553~-800^^0~M 550 -803 L 547 -800 L 550 -797#@$R~530~-804~~~20~8~#880000~1~0~none~gge480~0~#@$T~PK~518~-785.328125~0~#000080~Arial~~~~~comment~R1210~1~start~gge481~0~",
          "LIB~360~-790~package`R1210`BOM_Supplier`LCSC`BOM_Manufacturer`UniOhm`BOM_Manufacturer Part`1210W3F1001T5E`nameAlias`Resistance (Ohms)`BOM_Supplier Part`C52444`SMT Type`Extend`BOM_JLCPCB SMD`Yes`BOM_LCSC Assembly`Yes`spicePre`R`spiceSymbolName`1210W3F1001T5E`Package Display`Yes`BOM_link`https://item.taobao.com/item.htm?spm=a312a.7700824.w4002-22706186256.10.4139570fzmvoHx&id=601885774513`~~0~gge4c18e9fd0ced6802~c9096ef99b8540f5a8207dff5e428311~e2613afd226bc56b21e424c0b426d456~0~~yes~yes#@$T~N~354.03125~-797~0~#000080~Arial~~~~~comment~1K~1~start~gge485~0~#@$T~P~354.03125~-806.0078125~0~#000080~Arial~~~~~comment~R3~1~start~gge487~0~#@$P~show~1~2~380~-790~0~gge489~0^^380~-790^^M 380 -790 h -10~#000000^^0~365~-787~0~2~end~~~#000000^^0~375~-791~0~2~start~~~#000000^^0~373~-790^^0~M 370 -793 L 367 -790 L 370 -787#@$P~show~1~1~340~-790~180~gge496~0^^340~-790^^M 340 -790 h 10~#000000^^0~355~-787~0~1~start~~~#000000^^0~345~-791~0~1~end~~~#000000^^0~347~-790^^0~M 350 -787 L 353 -790 L 350 -793#@$R~350~-794~~~20~8~#880000~1~0~none~gge503~0~#@$T~PK~338~-775.318125~0~#000080~Arial~~~~~comment~R1210~1~start~gge504~0~",
          "F~part_netLabel_netPort~290~-435~270~gge670~~0^^290~-435^^U2-ADC~#0000FF~293.12~-457.4~270~start~1~Times New Roman~8pt~flag_gge7^^PL~290 -435 285 -440 285 -455 295 -455 295 -440 290 -435~#0000FF~1~0~transparent~gge674~0",
          "F~part_netLabel_gnD~235~-415~270~gge684~~0^^235~-415^^GND~#000000~190.5078125~-411.0078125~0~start~1~Times New Roman~9pt~flag_gge8^^PL~225 -415 235 -415~#000000~1~0~transparent~gge688~0^^PL~225 -424 225 -406~#000000~1~0~transparent~gge689~0^^PL~223 -421 223 -409~#000000~1~0~transparent~gge690~0^^PL~221 -418 221 -412~#000000~1~0~transparent~gge691~0^^PL~219 -416 219 -414~#000000~1~0~transparent~gge692~0",
          "F~part_netLabel_gnD~345~-270~0~gge702~~0^^345~-270^^GND~#000000~332~-244~0~start~1~Times New Roman~9pt~flag_gge9^^PL~345 -260 345 -270~#000000~1~0~transparent~gge706~0^^PL~336 -260 354 -260~#000000~1~0~transparent~gge707~0^^PL~339 -258 351 -258~#000000~1~0~transparent~gge708~0^^PL~342 -256 348 -256~#000000~1~0~transparent~gge709~0^^PL~344 -254 346 -254~#000000~1~0~transparent~gge710~0",
          "W~730 -165 740 -165 835 -165~#008800~1~0~none~gge773~0",
          "F~part_netLabel_gnD~785~-165~0~gge774~~0^^785~-165^^GND~#000000~772~-139~0~start~1~Times New Roman~9pt~flag_gge10^^PL~785 -155 785 -165~#000000~1~0~transparent~gge778~0^^PL~776 -155 794 -155~#000000~1~0~transparent~gge779~0^^PL~779 -153 791 -153~#000000~1~0~transparent~gge780~0^^PL~782 -151 788 -151~#000000~1~0~transparent~gge781~0^^PL~784 -149 786 -149~#000000~1~0~transparent~gge782~0",
          "W~820 -415 805 -415 805 -255 815 -255 815 -235~#008800~1~0~none~gge783~0",
          "W~690 -300 690 -240 740 -240 740 -235~#008800~1~0~none~gge784~0",
          "W~755 -415 745 -415 745 -375 785 -375 785 -255 760 -255 760 -235~#008800~1~0~none~gge785~0",
          "W~905 -255 825 -255 825 -235~#008800~1~0~none~gge786~0",
          "W~885 -415 870 -415 870 -235 835 -235~#008800~1~0~none~gge787~0",
          "W~630 -245 630 -510 710 -510 710 -455~#008800~1~0~none~gge788~0",
          "W~775 -455 775 -510 710 -510~#008800~1~0~none~gge789~0",
          "W~840 -455 840 -510 775 -510~#008800~1~0~none~gge790~0",
          "W~905 -455 905 -510 840 -510~#008800~1~0~none~gge791~0",
          "F~part_netLabel_VCC~630~-245~90~gge792~~0^^630~-245^^VCC~#000000~594.828125~-241~0~start~1~Times New Roman~9pt~flag_gge11^^PL~620 -245 630 -245~#000000~1~0~transparent~gge796~0^^PL~620 -240 620 -250~#000000~1~0~transparent~gge797~0",
          "W~710 -300 710 -245~#008800~1~0~none~gge798~0",
          "W~885 -305 855 -305 855 -245 630 -245~#008800~1~0~none~gge799~0",
          "W~310 -375 310 -355 345 -355~#008800~1~0~none~gge854~0",
          "W~905 -255 905 -305~#008800~1~0~none~gge943~0",
          "F~part_netLabel_netPort~870~-360~180~gge944~~0^^870~-360^^U2-16~#0000FF~893.45~-356.42~0~start~1~Times New Roman~8pt~flag_gge12^^PL~870 -360 875 -365 890 -365 890 -355 875 -355 870 -360~#0000FF~1~0~transparent~gge948~0",
          "F~part_netLabel_netPort~805~-375~180~gge949~~0^^805~-375^^U2-12~#0000FF~829.17~-371.42~0~start~1~Times New Roman~8pt~flag_gge13^^PL~805 -375 810 -380 825 -380 825 -370 810 -370 805 -375~#0000FF~1~0~transparent~gge953~0",
          "F~part_netLabel_netPort~785~-365~0~gge954~~0^^785~-365^^U2-13~#0000FF~733.96~-361.46~0~start~1~Times New Roman~8pt~flag_gge14^^PL~785 -365 780 -360 765 -360 765 -370 780 -370 785 -365~#0000FF~1~0~transparent~gge958~0",
          "F~part_netLabel_netPort~690~-300~0~gge959~~0^^690~-300^^U2-4~#0000FF~647~-295.69~0~start~1~Times New Roman~8pt~flag_gge15^^PL~690 -300 685 -295 670 -295 670 -305 685 -305 690 -300~#0000FF~1~0~transparent~gge963~0",
          "F~part_netLabel_netPort~905~-255~180~gge964~~0^^905~-255^^U2-14~#0000FF~928.65~-251.56~0~start~1~Times New Roman~8pt~flag_gge16^^PL~905 -255 910 -260 925 -260 925 -250 910 -250 905 -255~#0000FF~1~0~transparent~gge968~0",
          "F~part_netLabel_netPort~570~-800~180~gge969~~0^^570~-800^^U2-5~#0000FF~591.26~-796.79~0~start~1~Times New Roman~8pt~flag_gge17^^PL~570 -800 575 -805 590 -805 590 -795 575 -795 570 -800~#0000FF~1~0~transparent~gge973~0",
          "F~part_netLabel_netPort~325~-790~0~gge974~~0^^325~-790^^U2-2~#0000FF~282.2~-785.95~0~start~1~Times New Roman~8pt~flag_gge18^^PL~325 -790 320 -785 305 -785 305 -795 320 -795 325 -790~#0000FF~1~0~transparent~gge978~0",
          "F~part_netLabel_VCC~345~-355~0~gge979~~0^^345~-355^^5V~#000000~337.7265625~-368.3515625~0~start~1~Times New Roman~9pt~flag_gge19^^PL~345 -365 345 -355~#000000~1~0~transparent~gge983~0^^PL~340 -365 350 -365~#000000~1~0~transparent~gge984~0",
          "F~part_netLabel_netPort~245~-350~0~gge1021~~0^^245~-350^^VIN~#0000FF~223.5~-345~0~end~1~Times New Roman~8pt~flag_gge20^^PL~245 -350 240 -345 225 -345 225 -355 240 -355 245 -350~#0000FF~1~0~transparent~gge1025~0",
          "F~part_netLabel_netPort~205~-600~0~gge1026~~0^^205~-600^^VIN~#0000FF~164.54~-594.69~0~~1~Times New Roman~8pt~flag_gge21^^PL~205 -600 200 -595 185 -595 185 -605 200 -605 205 -600~#0000FF~1~0~transparent~gge1030~0",
          "F~part_netLabel_gnD~205~-590~270~gge1031~~0^^205~-590^^GND~#000000~162.3046875~-585.9296875~0~start~1~Times New Roman~9pt~flag_gge22^^PL~195 -590 205 -590~#000000~1~0~transparent~gge1035~0^^PL~195 -599 195 -581~#000000~1~0~transparent~gge1036~0^^PL~193 -596 193 -584~#000000~1~0~transparent~gge1037~0^^PL~191 -593 191 -587~#000000~1~0~transparent~gge1038~0^^PL~189 -591 189 -589~#000000~1~0~transparent~gge1039~0",
          "F~part_netLabel_netPort~355~-750~0~gge1041~~0^^355~-750^^SPK+~#0000FF~333.5~-745~0~end~1~Times New Roman~8pt~flag_gge23^^PL~355 -750 350 -745 335 -745 335 -755 350 -755 355 -750~#0000FF~1~0~transparent~gge1045~0",
          "F~part_netLabel_netPort~355~-730~0~gge1046~~0^^355~-730^^SPK-~#0000FF~333.5~-725~0~end~1~Times New Roman~8pt~flag_gge24^^PL~355 -730 350 -725 335 -725 335 -735 350 -735 355 -730~#0000FF~1~0~transparent~gge1050~0",
          "F~part_netLabel_netPort~205~-570~0~gge1051~~0^^205~-570^^SPK+~#0000FF~158.13~-564.46~0~~1~Times New Roman~8pt~flag_gge25^^PL~205 -570 200 -565 185 -565 185 -575 200 -575 205 -570~#0000FF~1~0~transparent~gge1055~0",
          "F~part_netLabel_netPort~205~-580~0~gge1056~~0^^205~-580^^SPK-~#0000FF~160.44~-574.44~0~~1~Times New Roman~8pt~flag_gge26^^PL~205 -580 200 -575 185 -575 185 -585 200 -585 205 -580~#0000FF~1~0~transparent~gge1060~0",
          "F~part_netLabel_VCC~430~-415~270~gge1073~~0^^430~-415^^VCC~#000000~442.8046875~-410.921875~0~start~1~Times New Roman~9pt~flag_gge27^^PL~440 -415 430 -415~#000000~1~0~transparent~gge1077~0^^PL~440 -420 440 -410~#000000~1~0~transparent~gge1078~0",
          "LIB~375~-415~package`R1210`BOM_Supplier`LCSC`BOM_Manufacturer`EVER OHMS`BOM_Manufacturer Part`CR1210F22KP05`nameAlias`Resistance (Ohms)`Contributor`LCSC`BOM_Supplier Part`C147142`SMT Type`Extend`BOM_JLCPCB SMD`Yes`BOM_LCSC Assembly`Yes`BOM_Paste Type`expand`spicePre`R`spiceSymbolName`CR1210F22KP05`Package Display`Yes`~~0~ggecfda3fa127198d29~c9096ef99b8540f5a8207dff5e428311~21901adb3d4f49c59ae048134fa35a1f~0~~yes~yes#@$T~N~368.78125~-422~0~#000080~Arial~~~~~comment~22K~1~start~gge1081~0~#@$T~P~368.78125~-431.125~0~#000080~Arial~~~~~comment~R7~1~start~gge1083~0~#@$R~365~-419~~~20~8~#A00000~1~0~none~gge1085~0~#@$P~show~0~2~395~-415~0~gge1086~0^^395~-415^^M 385 -415 h 10~#800^^0~381~-415~0~2~end~~~#800^^0~389~-419~0~2~start~~~#800^^0~408~-415^^0~M 405 -418 L 402 -415 L 405 -412#@$P~show~0~1~355~-415~180~gge1093~0^^355~-415^^M 365 -415 h -10~#800^^0~369~-415~0~1~start~~~#800^^0~361~-419~0~1~end~~~#800^^0~342~-415^^0~M 345 -412 L 348 -415 L 345 -418#@$T~PK~353~-401~0~#000080~Arial~~~~~comment~R1210~1~start~gge1100~0~",
          "W~395 -415 430 -415~#008800~1~0~none~gge1102~0",
          "W~235 -415 270 -415~#008800~1~0~none~gge1103~0",
          "W~355 -750 395 -750~#008800~1~0~none~gge1104~0",
          "W~310 -415 355 -415~#008800~1~0~none~gge1105~0",
          "F~part_netLabel_netPort~675~-415~0~gge1111~~0^^675~-415^^U2-15~#0000FF~626.89~-410.67~0~start~1~Times New Roman~8pt~flag_gge28^^PL~675 -415 670 -410 655 -410 655 -420 670 -420 675 -415~#0000FF~1~0~transparent~gge1115~0",
          "F~part_netLabel_netPort~755~-310~0~gge1116~~0^^755~-310^^U2-0~#0000FF~712.21~-305.69~0~start~1~Times New Roman~8pt~flag_gge29^^PL~755 -310 750 -305 735 -305 735 -315 750 -315 755 -310~#0000FF~1~0~transparent~gge1120~0",
          "W~775 -310 775 -165~#008800~1~0~none~gge1121~0",
          "LIB~745~-200~package`RES-ARRAY-SMD_1206-8P-L5.1-W3.1-BL`BOM_Supplier`LCSC`BOM_Supplier Part`C183863`BOM_Manufacturer`Ever Ohms Tech`BOM_Manufacturer Part`CRA064RJ10KE04`nameAlias`Resistance (Ohms)`Contributor`LCSC`BOM_Paste Type`expand`spicePre`R`spiceSymbolName`CRA064RJ10KE04`~90~0~gge79bfba889c42e163~495959b074744118bc4a1bfb3e5817e1~9eaddf0fa6044fabad2bd5ba620c9ba7~0~~yes~yes#@$T~N~772~-188~0~#000080~Arial~~~~~comment~10K~1~start~gge1216~0~#@$T~P~772~-197~0~#000080~Arial~~~~~comment~RN2~1~start~gge1218~0~#@$P~show~1~1~730~-165~270~gge1220~0^^730~-165^^M 730 -165 v -20~#000000^^0~733~-190~270~1~start~~~#000000^^0~729~-180~270~1~end~~~#000000^^0~730~-182^^0~M 733 -185 L 730 -188 L 727 -185#@$P~show~1~2~740~-165~270~gge1227~0^^740~-165^^M 740 -165 v -20~#000000^^0~743~-190~270~2~start~~~#000000^^0~739~-180~270~2~end~~~#000000^^0~740~-182^^0~M 743 -185 L 740 -188 L 737 -185#@$P~show~1~3~750~-165~270~gge1234~0^^750~-165^^M 750 -165 v -20~#000000^^0~753~-190~270~3~start~~~#000000^^0~749~-180~270~3~end~~~#000000^^0~750~-182^^0~M 753 -185 L 750 -188 L 747 -185#@$P~show~1~4~760~-165~270~gge1241~0^^760~-165^^M 760 -165 v -20~#000000^^0~763~-190~270~4~start~~~#000000^^0~759~-180~270~4~end~~~#000000^^0~760~-182^^0~M 763 -185 L 760 -188 L 757 -185#@$P~show~1~5~760~-235~90~gge1248~0^^760~-235^^M 760 -235 v 20~#000000^^0~763~-210~270~5~end~~~#000000^^0~759~-220~270~5~start~~~#000000^^0~760~-218^^0~M 757 -215 L 760 -212 L 763 -215#@$P~show~1~6~750~-235~90~gge1255~0^^750~-235^^M 750 -235 v 20~#000000^^0~753~-210~270~6~end~~~#000000^^0~749~-220~270~6~start~~~#000000^^0~750~-218^^0~M 747 -215 L 750 -212 L 753 -215#@$P~show~1~7~740~-235~90~gge1262~0^^740~-235^^M 740 -235 v 20~#000000^^0~743~-210~270~7~end~~~#000000^^0~739~-220~270~7~start~~~#000000^^0~740~-218^^0~M 737 -215 L 740 -212 L 743 -215#@$P~show~1~8~730~-235~90~gge1269~0^^730~-235^^M 730 -235 v 20~#000000^^0~733~-210~270~8~end~~~#000000^^0~729~-220~270~8~start~~~#000000^^0~730~-218^^0~M 727 -215 L 730 -212 L 733 -215#@$PL~760 -185 760 -191~#880000~1~0~none~gge1276~0#@$PL~720 -185 770 -185~#880000~1~0~none~gge1277~0#@$PL~720 -215 770 -215~#880000~1~0~none~gge1278~0#@$PL~730 -185 730 -191~#880000~1~0~none~gge1279~0#@$PL~750 -185 750 -191~#880000~1~0~none~gge1280~0#@$PL~720 -185 720 -215~#880000~1~0~none~gge1281~0#@$PL~740 -185 740 -191~#880000~1~0~none~gge1282~0#@$PL~728 -191 728 -209~#880000~1~0~none~gge1283~0#@$PL~728 -191 732 -191 732 -209 728 -209~#880000~1~0~none~gge1284~0#@$PL~738 -191 738 -209~#880000~1~0~none~gge1285~0#@$PL~738 -191 742 -191 742 -209 738 -209~#880000~1~0~none~gge1286~0#@$PL~748 -191 748 -209~#880000~1~0~none~gge1287~0#@$PL~748 -191 752 -191 752 -209 748 -209~#880000~1~0~none~gge1288~0#@$PL~758 -191 758 -209~#880000~1~0~none~gge1289~0#@$PL~758 -191 762 -191 762 -209 758 -209~#880000~1~0~none~gge1290~0#@$PL~730 -209 730 -215~#880000~1~0~none~gge1291~0#@$PL~740 -209 740 -215~#880000~1~0~none~gge1292~0#@$PL~750 -209 750 -215~#880000~1~0~none~gge1293~0#@$PL~760 -209 760 -215~#880000~1~0~none~gge1294~0#@$PL~770 -185 770 -215~#880000~1~0~none~gge1295~0",
          "LIB~820~-200~package`RES-ARRAY-SMD_1206-8P-L5.1-W3.1-BL`BOM_Supplier`LCSC`BOM_Supplier Part`C183863`BOM_Manufacturer`Ever Ohms Tech`BOM_Manufacturer Part`CRA064RJ10KE04`nameAlias`Resistance (Ohms)`Contributor`LCSC`BOM_Paste Type`expand`spicePre`R`spiceSymbolName`CRA064RJ10KE04`~90~0~gge78ec28f48d84f38d~495959b074744118bc4a1bfb3e5817e1~9eaddf0fa6044fabad2bd5ba620c9ba7~0~~yes~yes#@$T~N~847~-188~0~#000080~Arial~~~~~comment~10K~1~start~gge1298~0~#@$T~P~847~-197~0~#000080~Arial~~~~~comment~RN3~1~start~gge1300~0~#@$P~show~1~1~805~-165~270~gge1302~0^^805~-165^^M 805 -165 v -20~#000000^^0~808~-190~270~1~start~~~#000000^^0~804~-180~270~1~end~~~#000000^^0~805~-182^^0~M 808 -185 L 805 -188 L 802 -185#@$P~show~1~2~815~-165~270~gge1309~0^^815~-165^^M 815 -165 v -20~#000000^^0~818~-190~270~2~start~~~#000000^^0~814~-180~270~2~end~~~#000000^^0~815~-182^^0~M 818 -185 L 815 -188 L 812 -185#@$P~show~1~3~825~-165~270~gge1316~0^^825~-165^^M 825 -165 v -20~#000000^^0~828~-190~270~3~start~~~#000000^^0~824~-180~270~3~end~~~#000000^^0~825~-182^^0~M 828 -185 L 825 -188 L 822 -185#@$P~show~1~4~835~-165~270~gge1323~0^^835~-165^^M 835 -165 v -20~#000000^^0~838~-190~270~4~start~~~#000000^^0~834~-180~270~4~end~~~#000000^^0~835~-182^^0~M 838 -185 L 835 -188 L 832 -185#@$P~show~1~5~835~-235~90~gge1330~0^^835~-235^^M 835 -235 v 20~#000000^^0~838~-210~270~5~end~~~#000000^^0~834~-220~270~5~start~~~#000000^^0~835~-218^^0~M 832 -215 L 835 -212 L 838 -215#@$P~show~1~6~825~-235~90~gge1337~0^^825~-235^^M 825 -235 v 20~#000000^^0~828~-210~270~6~end~~~#000000^^0~824~-220~270~6~start~~~#000000^^0~825~-218^^0~M 822 -215 L 825 -212 L 828 -215#@$P~show~1~7~815~-235~90~gge1344~0^^815~-235^^M 815 -235 v 20~#000000^^0~818~-210~270~7~end~~~#000000^^0~814~-220~270~7~start~~~#000000^^0~815~-218^^0~M 812 -215 L 815 -212 L 818 -215#@$P~show~1~8~805~-235~90~gge1351~0^^805~-235^^M 805 -235 v 20~#000000^^0~808~-210~270~8~end~~~#000000^^0~804~-220~270~8~start~~~#000000^^0~805~-218^^0~M 802 -215 L 805 -212 L 808 -215#@$PL~835 -185 835 -191~#880000~1~0~none~gge1358~0#@$PL~795 -185 845 -185~#880000~1~0~none~gge1359~0#@$PL~795 -215 845 -215~#880000~1~0~none~gge1360~0#@$PL~805 -185 805 -191~#880000~1~0~none~gge1361~0#@$PL~825 -185 825 -191~#880000~1~0~none~gge1362~0#@$PL~795 -185 795 -215~#880000~1~0~none~gge1363~0#@$PL~815 -185 815 -191~#880000~1~0~none~gge1364~0#@$PL~803 -191 803 -209~#880000~1~0~none~gge1365~0#@$PL~803 -191 807 -191 807 -209 803 -209~#880000~1~0~none~gge1366~0#@$PL~813 -191 813 -209~#880000~1~0~none~gge1367~0#@$PL~813 -191 817 -191 817 -209 813 -209~#880000~1~0~none~gge1368~0#@$PL~823 -191 823 -209~#880000~1~0~none~gge1369~0#@$PL~823 -191 827 -191 827 -209 823 -209~#880000~1~0~none~gge1370~0#@$PL~833 -191 833 -209~#880000~1~0~none~gge1371~0#@$PL~833 -191 837 -191 837 -209 833 -209~#880000~1~0~none~gge1372~0#@$PL~805 -209 805 -215~#880000~1~0~none~gge1373~0#@$PL~815 -209 815 -215~#880000~1~0~none~gge1374~0#@$PL~825 -209 825 -215~#880000~1~0~none~gge1375~0#@$PL~835 -209 835 -215~#880000~1~0~none~gge1376~0#@$PL~845 -185 845 -215~#880000~1~0~none~gge1377~0",
          "LIB~290~-415~package`RV17-K2 B10`BOM_Manufacturer``BOM_Manufacturer Part``BOM_Supplier Part``BOM_Supplier``link`https://item.taobao.com/item.htm?spm=2013.1.1997525049.2.387c75b1mpazmd&id=600827000583`Contributor`cephaswang`spicePre`U`spiceSymbolName`w148_sw`Package Display`Yes`~180~0~gge892fdb7a4b974967~f07a518cad5249e19cc364c44d5ee419~cd5a00201f554583aa8ee4683cc0b7fc~0~~yes~yes#@$T~N~268~-440~0~#000080~Arial~~~~~comment~w148_sw~1~start~gge1380~0~#@$T~P~268~-448.84375~0~#000080~Arial~~~~~comment~U1~1~start~gge1382~0~#@$PL~279.71 -415.21 281.71 -419.21~#8D2323~1~0~none~gge1384~0#@$PL~281.71 -419.21 283.71 -411.21~#8D2323~1~0~none~gge1385~0#@$PL~283.71 -411.21 286.71 -419.21~#8D2323~1~0~none~gge1386~0#@$PL~286.71 -419.21 288.71 -411.21~#8D2323~1~0~none~gge1387~0#@$PL~288.71 -411.21 290.71 -419.21~#8D2323~1~0~none~gge1388~0#@$PL~290.71 -419.21 293.71 -411.21~#8D2323~1~0~none~gge1389~0#@$PL~293.71 -411.21 295.71 -419.21~#8D2323~1~0~none~gge1390~0#@$PL~295.71 -419.21 298.71 -411.21~#8D2323~1~0~none~gge1391~0#@$PL~298.71 -411.21 299.71 -415.21~#8D2323~1~0~none~gge1392~0#@$PL~289.71 -425.21 289.71 -421.21~#880000~1~0~none~gge1393~0#@$P~show~0~3~270~-415~180~gge1394~0^^270~-415^^M 270 -415 h 10~#8D2323^^0~283.7109375~-411.7890625~0~3~start~~~#8D2323^^1~275.7109375~-415.7890625~0~3~end~~~#0000FF^^0~277~-415^^0~M 280 -412 L 283 -415 L 280 -418#@$P~show~0~1~310~-415~0~gge1401~0^^310~-415^^M 310 -415 h -10~#8D2323^^0~317~-414.0000625~0~1~end~~~#8D2323^^1~303.7109375~-415.7890625~0~1~start~~~#0000FF^^0~303~-415^^0~M 300 -418 L 297 -415 L 300 -412#@$PG~287.71 -425.21 289.71 -421.21 291.71 -425.21~#880000~1~0~none~gge1408~0#@$E~300.7109375~-418.2109375~1~1~#A00000~1~0~none~gge1409~0#@$P~show~0~2~290~-435~90~gge1410~0^^290~-435^^M 290 -435 v 10~#880000^^0~293.2890625~-423.2109375~270~2~end~~~#0000FF^^1~289.2890625~-430.2109375~270~2~start~~~#0000FF^^0~290~-428^^0~M 287 -425 L 290 -422 L 293 -425#@$PL~270 -395 270 -395 282 -395 279 -394~#880000~1~0~none~gge1417~0#@$P~show~0~5~270~-375~270~gge1418~0^^270~-375^^M 270 -375 v -20~#880000^^0~273~-397~270~5~start~~~#0000FF^^1~269~-390~270~5~end~~~#0000FF^^0~270~-392^^0~M 273 -395 L 270 -398 L 267 -395#@$PL~310 -390 310 -405 291 -405 291 -398 295 -390~#880000~1~0~none~gge1425~0#@$PL~282 -395 279 -396~#880000~1~0~none~gge1426~0#@$P~show~0~4~310~-375~270~gge1427~0^^310~-375^^M 310 -375 v -20~#880000^^0~313~-396~270~4~start~~~#0000FF^^1~309~-390~270~4~end~~~#0000FF^^0~310~-392^^0~M 313 -395 L 310 -398 L 307 -395#@$T~PK~261.234375~-362.484375~0~#000080~Arial~~~~~comment~RV17-K2 B10~1~start~gge1434~0~",
          "W~270 -375 270 -350 245 -350~#008800~1~0~none~gge1436~0",
          "W~1175 -310 1185 -315 1240 -315 1240 -280 1280 -280~#008800~1~0~none~gge1437~0",
          "W~1280 -300 1255 -300 1255 -355 1195 -355~#008800~1~0~none~gge1438~0",
          "LIB~1300~-290~package`CONN-TH_3P-P2.50_HX25003-3A`BOM_Supplier`LCSC`BOM_Supplier Part`C442300`BOM_Manufacturer`HX(Zhejiang Yueqing Hongxing Elec)`BOM_Manufacturer Part`HX25003-3A`Contributor`LCSC`BOM_LCSC Assembly`Yes`SMT Type`Extend`spicePre`C`spiceSymbolName`HX25003-3A`Package Display`No`~~0~gge88ed6b0008cd2a17~231d79d7e9464e17abd14b8392fbe6bb~46fb28b240164e7ea10cfe023916ab9a~0~~yes~yes#@$T~N~1284.65625~-313~0~#000080~Arial~~~~~comment~HX25003-3A~1~start~gge1441~0~#@$T~P~1284.66~-322.18~0~#000080~Arial~~~~~comment~CN3~1~start~gge1443~0~#@$R~1290~-310~2~2~20~40~#880000~1~0~none~gge1445~0~#@$E~1295~-305~1.5~1.5~#880000~1~0~#880000~gge1446~0#@$P~show~0~1~1280~-300~180~gge1447~0^^1280~-300^^M 1280 -300 h 10~#880000^^1~1293.7~-296~0~1~start~~~#0000FF^^1~1289.5~-301~0~1~end~~~#0000FF^^0~1287~-300^^0~M 1290 -297 L 1293 -300 L 1290 -303#@$P~show~0~2~1280~-290~180~gge1454~0^^1280~-290^^M 1280 -290 h 10~#880000^^1~1293.7~-286~0~2~start~~~#0000FF^^1~1289.5~-291~0~2~end~~~#0000FF^^0~1287~-290^^0~M 1290 -287 L 1293 -290 L 1290 -293#@$P~show~0~3~1280~-280~180~gge1461~0^^1280~-280^^M 1280 -280 h 10~#880000^^1~1293.7~-276~0~3~start~~~#0000FF^^1~1289.5~-281~0~3~end~~~#0000FF^^0~1287~-280^^0~M 1290 -277 L 1293 -280 L 1290 -283",
          "F~part_netLabel_netPort~1230~-475~270~gge1468~~0^^1230~-475^^IN-~#0000FF~1233.72~-497.31~270~start~1~Times New Roman~8pt~flag_gge30^^PL~1230 -475 1225 -480 1225 -495 1235 -495 1235 -480 1230 -475~#0000FF~1~0~transparent~gge1472~0",
          "F~part_netLabel_netPort~1230~-535~270~gge1473~~0^^1230~-535^^IN+~#0000FF~1232.13~-556.85~270~start~1~Times New Roman~8pt~flag_gge31^^PL~1230 -535 1225 -540 1225 -555 1235 -555 1235 -540 1230 -535~#0000FF~1~0~transparent~gge1477~0",
          "F~part_netLabel_gnD~1270~-375~0~gge1478~~0^^1270~-375^^GND~#000000~1257~-349~0~start~1~Times New Roman~9pt~flag_gge32^^PL~1270 -365 1270 -375~#000000~1~0~transparent~gge1482~0^^PL~1261 -365 1279 -365~#000000~1~0~transparent~gge1483~0^^PL~1264 -363 1276 -363~#000000~1~0~transparent~gge1484~0^^PL~1267 -361 1273 -361~#000000~1~0~transparent~gge1485~0^^PL~1269 -359 1271 -359~#000000~1~0~transparent~gge1486~0",
          "F~part_netLabel_netPort~1205~-330~180~gge1487~~0^^1205~-330^^SP+~#0000FF~1226.84~-327.91~0~start~1~Times New Roman~8pt~flag_gge33^^PL~1205 -330 1210 -335 1225 -335 1225 -325 1210 -325 1205 -330~#0000FF~1~0~transparent~gge1491~0",
          "F~part_netLabel_netPort~1165~-355~0~gge1492~~0^^1165~-355^^SP-~#0000FF~1143.5~-350~0~end~1~Times New Roman~8pt~flag_gge34^^PL~1165 -355 1160 -350 1145 -350 1145 -360 1160 -360 1165 -355~#0000FF~1~0~transparent~gge1496~0",
          "W~1205 -310 1205 -330 1185 -330~#008800~1~0~none~gge1497~0",
          "W~1185 -390 1185 -330 1175 -330 1175 -310~#008800~1~0~none~gge1498~0",
          "W~1195 -390 1195 -355 1165 -355 1165 -310~#008800~1~0~none~gge1499~0",
          "W~1215 -390 1215 -385 1355 -385 1355 -535 1325 -535~#008800~1~0~none~gge1500~0",
          "W~1205 -390 1205 -375 1325 -375 1325 -475~#008800~1~0~none~gge1501~0",
          "LIB~1185~-285~package`AUDIO-TH_PJ-307N5`BOM_Supplier`LCSC`BOM_Supplier Part`C692542`BOM_Manufacturer`XKB Connectivity`BOM_Manufacturer Part`PJ-307N5`Contributor`LCSC`BOM_LCSC Assembly`Yes`SMT Type`Extend`BOM_Paste Type`expand`spicePre`C`spiceSymbolName`PJ-307N5`Package Display`Yes`~90~0~ggeb4fc1cecb24f1be9~866b8f6f2c5746ef8d9ccfcb383cb2d8~05b62f2be3d14e299ececf327de876bb~0~~yes~yes#@$T~N~1209~-266.65625~0~#000080~Arial~~~~~comment~PJ-307N5~1~start~gge1504~0~#@$T~P~1209~-275.7890625~0~#000080~Arial~~~~~comment~CN1~1~start~gge1506~0~#@$P~show~0~1~1165~-305~90~gge1508~0^^1165~-305^^M 1165 -305 v 10~#880000^^0~1168~-293~270~1~end~~~#0000FF^^1~1164~-295~270~1~start~~~#0000FF^^0~1165~-298^^0~M 1162 -295 L 1165 -292 L 1168 -295#@$P~show~0~5~1185~-305~90~gge1515~0^^1185~-305^^M 1185 -305 v 10~#880000^^0~1188~-293~270~5~end~~~#0000FF^^1~1184~-295~270~5~start~~~#0000FF^^0~1185~-298^^0~M 1182 -295 L 1185 -292 L 1188 -295#@$P~show~0~4~1195~-305~90~gge1522~0^^1195~-305^^M 1195 -305 v 10~#880000^^0~1198~-293~270~4~end~~~#0000FF^^1~1194~-295~270~4~start~~~#0000FF^^0~1195~-298^^0~M 1192 -295 L 1195 -292 L 1198 -295#@$P~show~0~3~1175~-305~90~gge1529~0^^1175~-305^^M 1175 -305 v 10~#880000^^0~1178~-293~270~3~end~~~#0000FF^^1~1174~-295~270~3~start~~~#0000FF^^0~1175~-298^^0~M 1172 -295 L 1175 -292 L 1178 -295#@$P~show~0~2~1205~-305~90~gge1536~0^^1205~-305^^M 1205 -305 v 10~#880000^^0~1208~-293~270~2~end~~~#0000FF^^1~1204~-295~270~2~start~~~#0000FF^^0~1205~-298^^0~M 1202 -295 L 1205 -292 L 1208 -295#@$PL~1175 -295 1175 -271 1179 -269 1175 -267~#880000~1~0~none~gge1543~0#@$PL~1185 -295 1185 -285~#880000~1~0~none~gge1544~0#@$PL~1205 -295 1205 -276 1201 -274 1205 -272~#880000~1~0~none~gge1545~0#@$PL~1171 -255 1165 -255 1165 -295~#880000~1~0~none~gge1546~0#@$R~1171~-259~~~31~8~#880000~1~0~none~gge1547~0~#@$PL~1185 -285 1175 -285 1180 -283~#880000~1~0~none~gge1548~0#@$PL~1175 -285 1180 -287~#880000~1~0~none~gge1549~0#@$PL~1205 -285 1200 -287~#880000~1~0~none~gge1550~0#@$PL~1195 -285 1205 -285 1200 -283~#880000~1~0~none~gge1551~0#@$PL~1195 -295 1195 -285~#880000~1~0~none~gge1552~0#@$T~PK~1155.4375~-240.4375~0~#000080~Arial~~~~~comment~AUDIO-TH_PJ-307N5~1~start~gge1553~0~",
          "LIB~1145~-515~package`USB-B-TH_U241-041N-1BR85-1`BOM_Supplier`LCSC`BOM_Supplier Part`C397338`BOM_Manufacturer`XKB Enterprise`BOM_Manufacturer Part`U241-041N-1BR85-1`Contributor`LCSC`BOM_LCSC Assembly`Yes`SMT Type`Extend`BOM_Paste Type`expand`spicePre`U`spiceSymbolName`U241-041N-1BR85-1`Package Display`No`~~0~gged0b247030fcbb0ba~6e54462898c3480a8dbffeb5d03e2909~e90701b7629a4535aaa35140f9fa4e4f~0~~yes~yes#@$T~N~1132.8125~-548.296875~0~#000080~Arial~~~~~comment~U241-041N-1BR85-1~1~start~gge1557~0~#@$T~P~1132.8203125~-557.421875~0~#000080~Arial~~~~~comment~USB1~1~start~gge1559~0~#@$P~show~0~6~1105~-505~180~gge1561~0^^1105~-505^^M 1105 -505 h 20~#880000^^0~1127~-502~0~SH2~start~~~#0000FF^^1~1120~-506~0~6~end~~~#0000FF^^0~1122~-505^^0~M 1125 -502 L 1128 -505 L 1125 -508#@$P~show~0~5~1105~-535~180~gge1568~0^^1105~-535^^M 1105 -535 h 20~#880000^^0~1127~-532~0~SH1~start~~~#0000FF^^1~1120~-536~0~5~end~~~#0000FF^^0~1122~-535^^0~M 1125 -532 L 1128 -535 L 1125 -538#@$P~show~1~4~1185~-505~0~gge1575~0^^1185~-505^^M 1185 -505 h -20~#000000^^1~1160~-502~0~GND~end~~~#000000^^1~1170~-506~0~4~start~~~#000000^^0~1168~-505^^0~M 1165 -508 L 1162 -505 L 1165 -502#@$P~show~1~3~1185~-515~0~gge1582~0^^1185~-515^^M 1185 -515 h -20~#880000^^1~1160~-512~0~D+~end~~~#0000FF^^1~1170~-516~0~3~start~~~#0000FF^^0~1168~-515^^0~M 1165 -518 L 1162 -515 L 1165 -512#@$P~show~1~2~1185~-525~0~gge1589~0^^1185~-525^^M 1185 -525 h -20~#880000^^1~1160~-522~0~D-~end~~~#0000FF^^1~1170~-526~0~2~start~~~#0000FF^^0~1168~-525^^0~M 1165 -528 L 1162 -525 L 1165 -522#@$P~show~1~1~1185~-535~0~gge1596~0^^1185~-535^^M 1185 -535 h -20~#FF0000^^1~1160~-532~0~VCC~end~~~#FF0000^^1~1170~-536~0~1~start~~~#FF0000^^0~1168~-535^^0~M 1165 -538 L 1162 -535 L 1165 -532#@$R~1125~-545~1~1~40~50~#880000~1~0~none~gge1603~0~",
          "W~1470 -515 1520 -515 1520 -430 1395 -430 1395 -495 1325 -495~#008800~1~0~none~gge1604~0",
          "W~1325 -515 1430 -515~#008800~1~0~none~gge1605~0",
          "W~1185 -505 1185 -475 1245 -475~#008800~1~0~none~gge1606~0",
          "W~1185 -535 1245 -535~#008800~1~0~none~gge1607~0",
          "LIB~1295~-505~package`RECHARGE_18650`BOM_Manufacturer``BOM_Manufacturer Part``BOM_Supplier Part``BOM_Supplier``link`https://detail.tmall.com/item.htm?spm=a230r.1.14.29.355d5720q5Mq8c&id=608376172670&ns=1&abbucket=19&skuId=4447524983844`Contributor`cephaswang`spicePre`L`spiceSymbolName`RECHARGE_18650`~~0~gge673b9b8ad538bf96~012ab2cc6f294b0e9664cf90d30baf00~be906d94956a4039afe02af726e84fca~0~~yes~yes#@$T~N~1279.796875~-548~0~#000080~Arial~~~~~comment~RECHARGE_18650~1~start~gge1610~0~#@$T~P~1279.8046875~-557~0~#000080~Arial~~~~~comment~L1~1~start~gge1612~0~#@$R~1265~-545~~~50~80~#000000~1~0~none~gge1614~0~#@$P~show~0~1~1325~-535~~gge1615~0^^1325~-535^^M 1325 -535 h -20~#880000^^1~1313~-537~0~out+~end~~4pt~#0000FF^^1~1300~-531~0~1~start~~4pt~#0000FF^^0~1308~-535^^0~M 1305 -538 L 1302 -535 L 1305 -532#@$P~show~0~4~1325~-475~~gge1622~0^^1325~-475^^M 1325 -475 h -20~#880000^^1~1313~-469~0~out -~end~~4pt~#0000FF^^1~1300~-476~0~4~start~~4pt~#0000FF^^0~1308~-475^^0~M 1305 -478 L 1302 -475 L 1305 -472#@$P~show~0~2~1325~-515~~gge1629~0^^1325~-515^^M 1325 -515 h -20~#880000^^1~1313~-517~0~batt+~end~~4pt~#0000FF^^1~1300~-511~0~2~start~~4pt~#0000FF^^0~1308~-515^^0~M 1305 -518 L 1302 -515 L 1305 -512#@$P~show~0~31~1325~-495~~gge1636~0^^1325~-495^^M 1325 -495 h -20~#880000^^1~1313~-489~0~batt -~end~~4pt~#0000FF^^1~1300~-496~0~3~start~~4pt~#0000FF^^0~1308~-495^^0~M 1305 -498 L 1302 -495 L 1305 -492#@$P~show~0~5~1245~-535~180~gge1643~0^^1245~-535^^M 1245 -535 h 20~#880000^^1~1267~-532~0~IN +~start~~~#0000FF^^1~1260~-536~0~5~end~~~#0000FF^^0~1262~-535^^0~M 1265 -532 L 1268 -535 L 1265 -538#@$P~show~0~6~1245~-475~180~gge1650~0^^1245~-475^^M 1245 -475 h 20~#880000^^1~1267~-472~0~IN -~start~~~#0000FF^^1~1260~-476~0~6~end~~~#0000FF^^0~1262~-475^^0~M 1265 -472 L 1268 -475 L 1265 -478",
          "LIB~1450~-515~package`BATTERY_18650-HOLDER_CS`description`Battery Holders`Contributor`cephaswang`BOM_Supplier Part``BOM_Supplier``spicePre`B`spiceSymbolName`BATTERY18650_CS`BOM_Manufacturer Part``link`https://detail.tmall.com/item.htm?spm=a230r.1.14.9.22502993doP1oE&id=574814401165&cm_id=140105335569ed55e27b&abbucket=19&skuId=3767248761399`~~0~gge4bb22205cea1fa8a~81f2e69b4de74a80926b28f444366a89~95e58bb829164eb683118569b7d95908~0~~yes~yes#@$T~N~1438.671875~-533~0~#000080~Arial~~~~~comment~BATTERY18650_CS~1~start~gge1659~0~#@$T~P~1438.671875~-542~0~#000080~Arial~~~~~comment~BAT2~1~start~gge1661~0~#@$PL~1445 -530 1445 -500~#8D2323~2~0~none~gge1663~0#@$PL~1450 -520 1450 -510~#8D2323~2~0~none~gge1664~0#@$PL~1455 -530 1455 -500~#8D2323~2~0~none~gge1665~0#@$PL~1460 -520 1460 -510~#8D2323~2~0~none~gge1666~0#@$PL~1440 -515 1444 -515~#8D2323~1~0~none~gge1667~0#@$P~show~4~GND@1~1470~-515~0~gge1668~0^^1470~-515^^M 1470 -515 h -10~#8D2323^^0~1457~-512~0~-~end~~~#8D2323^^0~1466~-516~0~GND@1~start~~~#8D2323^^0~1463~-515^^0~M 1460 -518 L 1457 -515 L 1460 -512#@$P~show~4~PWR@1~1430~-515~180~gge1675~0^^1430~-515^^M 1430 -515 h 10~#8D2323^^0~1443~-512~0~+~start~~~#8D2323^^0~1434~-516~0~PWR@1~end~~~#8D2323^^0~1437~-515^^0~M 1440 -512 L 1443 -515 L 1440 -518",
          "F~part_netLabel_VCC~1355~-385~270~gge1682~~0^^1355~-385^^VIN~#000000~1365.5~-381.0078125~0~start~1~Times New Roman~9pt~flag_gge35^^PL~1365 -385 1355 -385~#000000~1~0~transparent~gge1686~0^^PL~1365 -390 1365 -380~#000000~1~0~transparent~gge1687~0",
          "LIB~700~-435~package`SW-TH_4P-L6.0-W6.0-P4.50-LS6.5`BOM_Supplier`LCSC`BOM_Supplier Part`C620307`BOM_Manufacturer`USAKRO`BOM_Manufacturer Part`UK-B0202-G10-160`Contributor`LCSC`BOM_LCSC Assembly`Yes`SMT Type`Extend`BOM_Paste Type`expand`spicePre`S`spiceSymbolName`UK-B0202-G10-160`~90~0~gge31df32abe0273895~153ed004b0794cb6b8a2ebde7a1aabdf~4ba508ac351d44798c22d630aa1529a9~0~~yes~yes#@$T~N~714~-422.78125~0~#000080~Arial~~~~~comment~UK-B0202-G10-160~0~start~gge1690~0~#@$T~P~714.0078125~-431.7890625~0~#000080~Arial~~~~~comment~SW1~1~start~gge1692~0~#@$P~show~0~4~710~-455~90~gge1694~0^^710~-455^^M 710 -455 v 10~#880000^^0~713~-443~270~4~end~~~#0000FF^^1~709~-445~270~4~start~~~#0000FF^^0~710~-448^^0~M 707 -445 L 710 -442 L 713 -445#@$P~show~0~3~710~-415~270~gge1701~0^^710~-415^^M 710 -415 v -10~#880000^^0~713~-427~270~3~start~~~#0000FF^^1~709~-425~270~3~end~~~#0000FF^^0~710~-422^^0~M 713 -425 L 710 -428 L 707 -425#@$P~show~0~2~690~-455~90~gge1708~0^^690~-455^^M 690 -455 v 10~#880000^^0~693~-443~270~2~end~~~#0000FF^^1~689~-445~270~2~start~~~#0000FF^^0~690~-448^^0~M 687 -445 L 690 -442 L 693 -445#@$P~show~0~1~690~-415~270~gge1715~0^^690~-415^^M 690 -415 v -10~#880000^^0~693~-427~270~1~start~~~#0000FF^^1~689~-425~270~1~end~~~#0000FF^^0~690~-422^^0~M 693 -425 L 690 -428 L 687 -425#@$PL~690 -425 690 -445~#880000~1~0~none~gge1722~0#@$PL~710 -425 710 -445~#880000~1~0~none~gge1723~0#@$PL~706 -433 694 -430~#880000~1~0~none~gge1724~0#@$PL~708 -435 710 -435~#880000~1~0~none~gge1725~0#@$PL~693 -435 690 -435~#880000~1~0~none~gge1726~0#@$E~695~-435~1.5~1.5~#880000~1~0~none~gge1727~0#@$E~706~-435~1.5~1.5~#880000~1~0~none~gge1728~0",
          "LIB~765~-435~package`SW-TH_4P-L6.0-W6.0-P4.50-LS6.5`BOM_Supplier`LCSC`BOM_Supplier Part`C620307`BOM_Manufacturer`USAKRO`BOM_Manufacturer Part`UK-B0202-G10-160`Contributor`LCSC`BOM_LCSC Assembly`Yes`SMT Type`Extend`BOM_Paste Type`expand`spicePre`S`spiceSymbolName`UK-B0202-G10-160`~90~0~ggec93af96f4e46f3f0~153ed004b0794cb6b8a2ebde7a1aabdf~4ba508ac351d44798c22d630aa1529a9~0~~yes~yes#@$T~N~779~-422.765625~0~#000080~Arial~~~~~comment~UK-B0202-G10-160~0~start~gge1731~0~#@$T~P~779.0078125~-431.7734375~0~#000080~Arial~~~~~comment~SW2~1~start~gge1733~0~#@$P~show~0~4~775~-455~90~gge1735~0^^775~-455^^M 775 -455 v 10~#880000^^0~778~-443~270~4~end~~~#0000FF^^1~774~-445~270~4~start~~~#0000FF^^0~775~-448^^0~M 772 -445 L 775 -442 L 778 -445#@$P~show~0~3~775~-415~270~gge1742~0^^775~-415^^M 775 -415 v -10~#880000^^0~778~-427~270~3~start~~~#0000FF^^1~774~-425~270~3~end~~~#0000FF^^0~775~-422^^0~M 778 -425 L 775 -428 L 772 -425#@$P~show~0~2~755~-455~90~gge1749~0^^755~-455^^M 755 -455 v 10~#880000^^0~758~-443~270~2~end~~~#0000FF^^1~754~-445~270~2~start~~~#0000FF^^0~755~-448^^0~M 752 -445 L 755 -442 L 758 -445#@$P~show~0~1~755~-415~270~gge1756~0^^755~-415^^M 755 -415 v -10~#880000^^0~758~-427~270~1~start~~~#0000FF^^1~754~-425~270~1~end~~~#0000FF^^0~755~-422^^0~M 758 -425 L 755 -428 L 752 -425#@$PL~755 -425 755 -445~#880000~1~0~none~gge1763~0#@$PL~775 -425 775 -445~#880000~1~0~none~gge1764~0#@$PL~771 -433 759 -430~#880000~1~0~none~gge1765~0#@$PL~773 -435 775 -435~#880000~1~0~none~gge1766~0#@$PL~758 -435 755 -435~#880000~1~0~none~gge1767~0#@$E~760~-435~1.5~1.5~#880000~1~0~none~gge1768~0#@$E~771~-435~1.5~1.5~#880000~1~0~none~gge1769~0",
          "LIB~830~-435~package`SW-TH_4P-L6.0-W6.0-P4.50-LS6.5`BOM_Supplier`LCSC`BOM_Supplier Part`C620307`BOM_Manufacturer`USAKRO`BOM_Manufacturer Part`UK-B0202-G10-160`Contributor`LCSC`BOM_LCSC Assembly`Yes`SMT Type`Extend`BOM_Paste Type`expand`spicePre`S`spiceSymbolName`UK-B0202-G10-160`~90~0~gge44ed4e3803bde9e3~153ed004b0794cb6b8a2ebde7a1aabdf~4ba508ac351d44798c22d630aa1529a9~0~~yes~yes#@$T~N~844~-422.765625~0~#000080~Arial~~~~~comment~UK-B0202-G10-160~0~start~gge1772~0~#@$T~P~844.0078125~-431.7734375~0~#000080~Arial~~~~~comment~SW3~1~start~gge1774~0~#@$P~show~0~4~840~-455~90~gge1776~0^^840~-455^^M 840 -455 v 10~#880000^^0~843~-443~270~4~end~~~#0000FF^^1~839~-445~270~4~start~~~#0000FF^^0~840~-448^^0~M 837 -445 L 840 -442 L 843 -445#@$P~show~0~3~840~-415~270~gge1783~0^^840~-415^^M 840 -415 v -10~#880000^^0~843~-427~270~3~start~~~#0000FF^^1~839~-425~270~3~end~~~#0000FF^^0~840~-422^^0~M 843 -425 L 840 -428 L 837 -425#@$P~show~0~2~820~-455~90~gge1790~0^^820~-455^^M 820 -455 v 10~#880000^^0~823~-443~270~2~end~~~#0000FF^^1~819~-445~270~2~start~~~#0000FF^^0~820~-448^^0~M 817 -445 L 820 -442 L 823 -445#@$P~show~0~1~820~-415~270~gge1797~0^^820~-415^^M 820 -415 v -10~#880000^^0~823~-427~270~1~start~~~#0000FF^^1~819~-425~270~1~end~~~#0000FF^^0~820~-422^^0~M 823 -425 L 820 -428 L 817 -425#@$PL~820 -425 820 -445~#880000~1~0~none~gge1804~0#@$PL~840 -425 840 -445~#880000~1~0~none~gge1805~0#@$PL~836 -433 824 -430~#880000~1~0~none~gge1806~0#@$PL~838 -435 840 -435~#880000~1~0~none~gge1807~0#@$PL~823 -435 820 -435~#880000~1~0~none~gge1808~0#@$E~825~-435~1.5~1.5~#880000~1~0~none~gge1809~0#@$E~836~-435~1.5~1.5~#880000~1~0~none~gge1810~0",
          "LIB~895~-435~package`SW-TH_4P-L6.0-W6.0-P4.50-LS6.5`BOM_Supplier`LCSC`BOM_Supplier Part`C620307`BOM_Manufacturer`USAKRO`BOM_Manufacturer Part`UK-B0202-G10-160`Contributor`LCSC`BOM_LCSC Assembly`Yes`SMT Type`Extend`BOM_Paste Type`expand`spicePre`S`spiceSymbolName`UK-B0202-G10-160`~90~0~gge53248890dc7d0c9a~153ed004b0794cb6b8a2ebde7a1aabdf~4ba508ac351d44798c22d630aa1529a9~0~~yes~yes#@$T~N~909~-422.765625~0~#000080~Arial~~~~~comment~UK-B0202-G10-160~0~start~gge1813~0~#@$T~P~909.0078125~-431.7734375~0~#000080~Arial~~~~~comment~SW4~1~start~gge1815~0~#@$P~show~0~4~905~-455~90~gge1817~0^^905~-455^^M 905 -455 v 10~#880000^^0~908~-443~270~4~end~~~#0000FF^^1~904~-445~270~4~start~~~#0000FF^^0~905~-448^^0~M 902 -445 L 905 -442 L 908 -445#@$P~show~0~3~905~-415~270~gge1824~0^^905~-415^^M 905 -415 v -10~#880000^^0~908~-427~270~3~start~~~#0000FF^^1~904~-425~270~3~end~~~#0000FF^^0~905~-422^^0~M 908 -425 L 905 -428 L 902 -425#@$P~show~0~2~885~-455~90~gge1831~0^^885~-455^^M 885 -455 v 10~#880000^^0~888~-443~270~2~end~~~#0000FF^^1~884~-445~270~2~start~~~#0000FF^^0~885~-448^^0~M 882 -445 L 885 -442 L 888 -445#@$P~show~0~1~885~-415~270~gge1838~0^^885~-415^^M 885 -415 v -10~#880000^^0~888~-427~270~1~start~~~#0000FF^^1~884~-425~270~1~end~~~#0000FF^^0~885~-422^^0~M 888 -425 L 885 -428 L 882 -425#@$PL~885 -425 885 -445~#880000~1~0~none~gge1845~0#@$PL~905 -425 905 -445~#880000~1~0~none~gge1846~0#@$PL~901 -433 889 -430~#880000~1~0~none~gge1847~0#@$PL~903 -435 905 -435~#880000~1~0~none~gge1848~0#@$PL~888 -435 885 -435~#880000~1~0~none~gge1849~0#@$E~890~-435~1.5~1.5~#880000~1~0~none~gge1850~0#@$E~901~-435~1.5~1.5~#880000~1~0~none~gge1851~0",
          "LIB~700~-320~package`SW-TH_4P-L6.0-W6.0-P4.50-LS6.5`BOM_Supplier`LCSC`BOM_Supplier Part`C620307`BOM_Manufacturer`USAKRO`BOM_Manufacturer Part`UK-B0202-G10-160`Contributor`LCSC`BOM_LCSC Assembly`Yes`SMT Type`Extend`BOM_Paste Type`expand`spicePre`S`spiceSymbolName`UK-B0202-G10-160`~90~0~gge7309014e028c1ec1~153ed004b0794cb6b8a2ebde7a1aabdf~4ba508ac351d44798c22d630aa1529a9~0~~yes~yes#@$T~N~714~-307.765625~0~#000080~Arial~~~~~comment~UK-B0202-G10-160~0~start~gge1854~0~#@$T~P~714.0078125~-316.7734375~0~#000080~Arial~~~~~comment~SW5~1~start~gge1856~0~#@$P~show~0~4~710~-340~90~gge1858~0^^710~-340^^M 710 -340 v 10~#880000^^0~713~-328~270~4~end~~~#0000FF^^1~709~-330~270~4~start~~~#0000FF^^0~710~-333^^0~M 707 -330 L 710 -327 L 713 -330#@$P~show~0~3~710~-300~270~gge1865~0^^710~-300^^M 710 -300 v -10~#880000^^0~713~-312~270~3~start~~~#0000FF^^1~709~-310~270~3~end~~~#0000FF^^0~710~-307^^0~M 713 -310 L 710 -313 L 707 -310#@$P~show~0~2~690~-340~90~gge1872~0^^690~-340^^M 690 -340 v 10~#880000^^0~693~-328~270~2~end~~~#0000FF^^1~689~-330~270~2~start~~~#0000FF^^0~690~-333^^0~M 687 -330 L 690 -327 L 693 -330#@$P~show~0~1~690~-300~270~gge1879~0^^690~-300^^M 690 -300 v -10~#880000^^0~693~-312~270~1~start~~~#0000FF^^1~689~-310~270~1~end~~~#0000FF^^0~690~-307^^0~M 693 -310 L 690 -313 L 687 -310#@$PL~690 -310 690 -330~#880000~1~0~none~gge1886~0#@$PL~710 -310 710 -330~#880000~1~0~none~gge1887~0#@$PL~706 -318 694 -315~#880000~1~0~none~gge1888~0#@$PL~708 -320 710 -320~#880000~1~0~none~gge1889~0#@$PL~693 -320 690 -320~#880000~1~0~none~gge1890~0#@$E~695~-320~1.5~1.5~#880000~1~0~none~gge1891~0#@$E~706~-320~1.5~1.5~#880000~1~0~none~gge1892~0",
          "LIB~765~-330~package`SW-TH_4P-L6.0-W6.0-P4.50-LS6.5`BOM_Supplier`LCSC`BOM_Supplier Part`C620307`BOM_Manufacturer`USAKRO`BOM_Manufacturer Part`UK-B0202-G10-160`Contributor`LCSC`BOM_LCSC Assembly`Yes`SMT Type`Extend`BOM_Paste Type`expand`spicePre`S`spiceSymbolName`UK-B0202-G10-160`~90~0~ggef5292e85e7b99057~153ed004b0794cb6b8a2ebde7a1aabdf~4ba508ac351d44798c22d630aa1529a9~0~~yes~yes#@$T~N~779~-317.765625~0~#000080~Arial~~~~~comment~UK-B0202-G10-160~0~start~gge1895~0~#@$T~P~779.0078125~-326.7734375~0~#000080~Arial~~~~~comment~SW6~1~start~gge1897~0~#@$P~show~0~4~775~-350~90~gge1899~0^^775~-350^^M 775 -350 v 10~#880000^^0~778~-338~270~4~end~~~#0000FF^^1~774~-340~270~4~start~~~#0000FF^^0~775~-343^^0~M 772 -340 L 775 -337 L 778 -340#@$P~show~0~3~775~-310~270~gge1906~0^^775~-310^^M 775 -310 v -10~#880000^^0~778~-322~270~3~start~~~#0000FF^^1~774~-320~270~3~end~~~#0000FF^^0~775~-317^^0~M 778 -320 L 775 -323 L 772 -320#@$P~show~0~2~755~-350~90~gge1913~0^^755~-350^^M 755 -350 v 10~#880000^^0~758~-338~270~2~end~~~#0000FF^^1~754~-340~270~2~start~~~#0000FF^^0~755~-343^^0~M 752 -340 L 755 -337 L 758 -340#@$P~show~0~1~755~-310~270~gge1920~0^^755~-310^^M 755 -310 v -10~#880000^^0~758~-322~270~1~start~~~#0000FF^^1~754~-320~270~1~end~~~#0000FF^^0~755~-317^^0~M 758 -320 L 755 -323 L 752 -320#@$PL~755 -320 755 -340~#880000~1~0~none~gge1927~0#@$PL~775 -320 775 -340~#880000~1~0~none~gge1928~0#@$PL~771 -328 759 -325~#880000~1~0~none~gge1929~0#@$PL~773 -330 775 -330~#880000~1~0~none~gge1930~0#@$PL~758 -330 755 -330~#880000~1~0~none~gge1931~0#@$E~760~-330~1.5~1.5~#880000~1~0~none~gge1932~0#@$E~771~-330~1.5~1.5~#880000~1~0~none~gge1933~0",
          "LIB~895~-325~package`SW-TH_4P-L6.0-W6.0-P4.50-LS6.5`BOM_Supplier`LCSC`BOM_Supplier Part`C620307`BOM_Manufacturer`USAKRO`BOM_Manufacturer Part`UK-B0202-G10-160`Contributor`LCSC`BOM_LCSC Assembly`Yes`SMT Type`Extend`BOM_Paste Type`expand`spicePre`S`spiceSymbolName`UK-B0202-G10-160`~90~0~gge10e94e38b5b989ad~153ed004b0794cb6b8a2ebde7a1aabdf~4ba508ac351d44798c22d630aa1529a9~0~~yes~yes#@$T~N~909~-312.765625~0~#000080~Arial~~~~~comment~UK-B0202-G10-160~0~start~gge1936~0~#@$T~P~909.0078125~-321.7734375~0~#000080~Arial~~~~~comment~SW7~1~start~gge1938~0~#@$P~show~0~4~905~-345~90~gge1940~0^^905~-345^^M 905 -345 v 10~#880000^^0~908~-333~270~4~end~~~#0000FF^^1~904~-335~270~4~start~~~#0000FF^^0~905~-338^^0~M 902 -335 L 905 -332 L 908 -335#@$P~show~0~3~905~-305~270~gge1947~0^^905~-305^^M 905 -305 v -10~#880000^^0~908~-317~270~3~start~~~#0000FF^^1~904~-315~270~3~end~~~#0000FF^^0~905~-312^^0~M 908 -315 L 905 -318 L 902 -315#@$P~show~0~2~885~-345~90~gge1954~0^^885~-345^^M 885 -345 v 10~#880000^^0~888~-333~270~2~end~~~#0000FF^^1~884~-335~270~2~start~~~#0000FF^^0~885~-338^^0~M 882 -335 L 885 -332 L 888 -335#@$P~show~0~1~885~-305~270~gge1961~0^^885~-305^^M 885 -305 v -10~#880000^^0~888~-317~270~1~start~~~#0000FF^^1~884~-315~270~1~end~~~#0000FF^^0~885~-312^^0~M 888 -315 L 885 -318 L 882 -315#@$PL~885 -315 885 -335~#880000~1~0~none~gge1968~0#@$PL~905 -315 905 -335~#880000~1~0~none~gge1969~0#@$PL~901 -323 889 -320~#880000~1~0~none~gge1970~0#@$PL~903 -325 905 -325~#880000~1~0~none~gge1971~0#@$PL~888 -325 885 -325~#880000~1~0~none~gge1972~0#@$E~890~-325~1.5~1.5~#880000~1~0~none~gge1973~0#@$E~901~-325~1.5~1.5~#880000~1~0~none~gge1974~0",
          "W~750 -235 750 -255 720 -255 720 -375 675 -375 675 -415 690 -415~#008800~1~0~none~gge1975~0",
          "LIB~1395~-505~package`CONN-TH_3P-P2.50_HX25003-3A`BOM_Supplier`LCSC`BOM_Supplier Part`C442300`BOM_Manufacturer`HX(Zhejiang Yueqing Hongxing Elec)`BOM_Manufacturer Part`HX25003-3A`Contributor`LCSC`BOM_LCSC Assembly`Yes`SMT Type`Extend`spicePre`C`spiceSymbolName`HX25003-3A`Package Display`No`~~0~gge4a2cc7ee92fc0bb9~231d79d7e9464e17abd14b8392fbe6bb~46fb28b240164e7ea10cfe023916ab9a~0~~yes~yes#@$T~N~1379.65625~-528~0~#000080~Arial~~~~~comment~HX25003-3A~1~start~gge1978~0~#@$T~P~1379.66~-537.18~0~#000080~Arial~~~~~comment~CN4~1~start~gge1980~0~#@$R~1385~-525~2~2~20~40~#880000~1~0~none~gge1982~0~#@$E~1390~-520~1.5~1.5~#880000~1~0~#880000~gge1983~0#@$P~show~0~1~1375~-515~180~gge1984~0^^1375~-515^^M 1375 -515 h 10~#880000^^1~1388.7~-511~0~1~start~~~#0000FF^^1~1384.5~-516~0~1~end~~~#0000FF^^0~1382~-515^^0~M 1385 -512 L 1388 -515 L 1385 -518#@$P~show~0~2~1375~-505~180~gge1991~0^^1375~-505^^M 1375 -505 h 10~#880000^^1~1388.7~-501~0~2~start~~~#0000FF^^1~1384.5~-506~0~2~end~~~#0000FF^^0~1382~-505^^0~M 1385 -502 L 1388 -505 L 1385 -508#@$P~show~0~3~1375~-495~180~gge1998~0^^1375~-495^^M 1375 -495 h 10~#880000^^1~1388.7~-491~0~3~start~~~#0000FF^^1~1384.5~-496~0~3~end~~~#0000FF^^0~1382~-495^^0~M 1385 -492 L 1388 -495 L 1385 -498",
          "W~340 -790 325 -790~#008800~1~0~none~gge2098~0",
          "F~part_netLabel_netPort~890~-690~0~gge2469~~0^^890~-690^^U2-15~#0000FF~841.85~-686.09~0~~1~Times New Roman~8pt~flag_gge36^^PL~890 -690 885 -685 870 -685 870 -695 885 -695 890 -690~#0000FF~1~0~transparent~gge2473~0",
          "F~part_netLabel_netPort~890~-710~0~gge2476~~0^^890~-710^^U2-13~#0000FF~838.96~-706.46~0~start~1~Times New Roman~8pt~flag_gge37^^PL~890 -710 885 -705 870 -705 870 -715 885 -715 890 -710~#0000FF~1~0~transparent~gge2480~0",
          "F~part_netLabel_netPort~890~-730~0~gge2483~~0^^890~-730^^U2-12~#0000FF~838.96~-726.46~0~start~1~Times New Roman~8pt~flag_gge38^^PL~890 -730 885 -725 870 -725 870 -735 885 -735 890 -730~#0000FF~1~0~transparent~gge2487~0",
          "F~part_netLabel_netPort~890~-750~0~gge2490~~0^^890~-750^^U2-14~#0000FF~838.96~-746.46~0~start~1~Times New Roman~8pt~flag_gge39^^PL~890 -750 885 -745 870 -745 870 -755 885 -755 890 -750~#0000FF~1~0~transparent~gge2494~0",
          "F~part_netLabel_netPort~890~-770~0~gge2497~~0^^890~-770^^U2-16~#0000FF~838.96~-766.46~0~start~1~Times New Roman~8pt~flag_gge40^^PL~890 -770 885 -765 870 -765 870 -775 885 -775 890 -770~#0000FF~1~0~transparent~gge2501~0",
          "F~part_netLabel_netPort~890~-790~0~gge2504~~0^^890~-790^^U2-ADC~#0000FF~828.96~-786.46~0~start~1~Times New Roman~8pt~flag_gge41^^PL~890 -790 885 -785 870 -785 870 -795 885 -795 890 -790~#0000FF~1~0~transparent~gge2508~0",
          "F~part_netLabel_netPort~1095~-770~180~gge2524~~0^^1095~-770^^U2-5~#0000FF~1116.26~-766.93~0~start~1~Times New Roman~8pt~flag_gge42^^PL~1095 -770 1100 -775 1115 -775 1115 -765 1100 -765 1095 -770~#0000FF~1~0~transparent~gge2528~0",
          "F~part_netLabel_netPort~1095~-750~180~gge2532~~0^^1095~-750^^U2-4~#0000FF~1116.26~-746.93~0~start~1~Times New Roman~8pt~flag_gge43^^PL~1095 -750 1100 -755 1115 -755 1115 -745 1100 -745 1095 -750~#0000FF~1~0~transparent~gge2536~0",
          "F~part_netLabel_netPort~1095~-730~180~gge2539~~0^^1095~-730^^U2-0~#0000FF~1116.26~-726.93~0~start~1~Times New Roman~8pt~flag_gge44^^PL~1095 -730 1100 -735 1115 -735 1115 -725 1100 -725 1095 -730~#0000FF~1~0~transparent~gge2543~0",
          "F~part_netLabel_netPort~1095~-710~180~gge2546~~0^^1095~-710^^U2-2~#0000FF~1116.26~-706.93~0~start~1~Times New Roman~8pt~flag_gge45^^PL~1095 -710 1100 -715 1115 -715 1115 -705 1100 -705 1095 -710~#0000FF~1~0~transparent~gge2550~0",
          "LIB~995~-740~package`NODEMCU-D1_16MB`spicePre`X`BOM_Supplier`LCSC`BOM_Supplier Part`C111436`BOM_Manufacturer`Ai-Thinker`BOM_Manufacturer Part`NodeMCU-Mini D1`Contributor`cephaswang`link`https://www.ruten.com.tw/item/show?21924707265836`spiceSymbolName`NodeMCU Mini D1`Package Display`Yes`~~0~gge7af36eeec61e2ad1~6a1172ee74e84fd9bbd9155c509510c6~81d6a9d5b7bc4caf832fbdec5c6798d3~0~~yes~yes#@$T~N~986.28125~-854.265625~0~#000080~Arial~~~~~comment~NodeMCU Mini D1~1~start~gge2684~0~#@$T~P~986.28125~-863.39~0~#000080~Arial~~~~~comment~U4~1~start~gge2686~0~#@$A~M 1077.3529 -639.26 A 10 10 0 0 1 1067.3529 -629.26~~#000000~1~0~none~gge2688~0#@$A~M 1067.3529 -851.26 A 10 10 0 0 1 1077.3529 -841.26~~#000000~1~0~none~gge2689~0#@$A~M 917.3529 -629.26 A 10 10 0 0 1 907.3529 -639.26~~#000000~1~0~none~gge2690~0#@$A~M 907.3529 -841.26 A 10 10 0 0 1 917.3529 -851.26~~#000000~1~0~none~gge2691~0#@$T~L~1006.7~-633.95~0~#0000FF~~9pt~~~~comment~USB~1~end~gge2692~0~pinpart#@$T~L~1033.033125~-832.86~0~#0000FF~~9pt~~~~comment~NodeMCU-Mini D1~1~end~gge2694~0~pinpart#@$PL~1067.35 -851.26 917.35 -851.26~#000000~1~0~none~gge2696~0#@$PL~917.35 -629.26 1067.35 -629.26~#000000~1~0~none~gge2697~0#@$PL~1027.35 -629.26 1027.35 -649.26 957.35 -649.26 957.35 -629.26~#000000~1~0~none~gge2698~0#@$PL~1077.35 -826.26 907.35 -826.26~#000000~1~0~none~gge2699~0#@$PL~907.34 -841.15 907.33 -639.38 907.33 -639.43 907.34 -639.53~#000000~1~0~none~gge2700~0#@$PL~1077.4 -841.41 1077.38 -639.36 1077.31 -638.65~#000000~1~0~none~gge2701~0#@$P~show~0~1~1095~-810~~gge2702~0^^1095~-810^^M 1095 -810 h -20~#880000^^1~1073~-807~0~TX~end~~~#0000FF^^1~1080~-811~0~1~start~~~#0000FF^^0~1078~-810^^0~M 1075 -813 L 1072 -810 L 1075 -807#@$P~show~0~2~1095~-790~~gge2709~0^^1095~-790^^M 1095 -790 h -20~#880000^^1~1073~-787~0~RX~end~~~#0000FF^^1~1080~-791~0~2~start~~~#0000FF^^0~1078~-790^^0~M 1075 -793 L 1072 -790 L 1075 -787#@$P~show~0~3~1095~-770~~gge2716~0^^1095~-770^^M 1095 -770 h -20~#880000^^1~1073~-767~0~D1(5)~end~~~#0000FF^^1~1080~-771~0~3~start~~~#0000FF^^0~1078~-770^^0~M 1075 -773 L 1072 -770 L 1075 -767#@$P~show~0~4~1095~-750~~gge2723~0^^1095~-750^^M 1095 -750 h -20~#880000^^1~1073~-747~0~D2(4)~end~~~#0000FF^^1~1080~-751~0~4~start~~~#0000FF^^0~1078~-750^^0~M 1075 -753 L 1072 -750 L 1075 -747#@$P~show~0~5~1095~-730~~gge2730~0^^1095~-730^^M 1095 -730 h -20~#880000^^1~1073~-727~0~D3(0)~end~~~#0000FF^^1~1080~-731~0~5~start~~~#0000FF^^0~1078~-730^^0~M 1075 -733 L 1072 -730 L 1075 -727#@$P~show~0~11~890~-770~180~gge2737~0^^890~-770^^M 890 -770 h 20~#880000^^1~912~-767~0~D0(16)~start~~~#0000FF^^1~905~-771~0~11~end~~~#0000FF^^0~907~-770^^0~M 910 -767 L 913 -770 L 910 -773#@$P~show~0~6~1095~-710~~gge2744~0^^1095~-710^^M 1095 -710 h -20~#880000^^1~1073~-707~0~D4(2)~end~~~#0000FF^^1~1080~-711~0~6~start~~~#0000FF^^0~1078~-710^^0~M 1075 -713 L 1072 -710 L 1075 -707#@$P~show~0~7~1095~-690~~gge2751~0^^1095~-690^^M 1095 -690 h -20~#880000^^1~1073~-687~0~G~end~~~#0000FF^^1~1080~-691~0~7~start~~~#0000FF^^0~1078~-690^^0~M 1075 -693 L 1072 -690 L 1075 -687#@$P~show~0~8~1095~-670~~gge2758~0^^1095~-670^^M 1095 -670 h -20~#880000^^1~1073~-667~0~5V~end~~~#0000FF^^1~1080~-671~0~8~start~~~#0000FF^^0~1078~-670^^0~M 1075 -673 L 1072 -670 L 1075 -667#@$P~show~0~9~890~-810~180~gge2765~0^^890~-810^^M 890 -810 h 20~#880000^^1~912~-807~0~RST~start~~~#0000FF^^1~905~-811~0~9~end~~~#0000FF^^0~907~-810^^0~M 910 -807 L 913 -810 L 910 -813#@$P~show~0~10~890~-790~180~gge2772~0^^890~-790^^M 890 -790 h 20~#880000^^1~912~-787~0~A0~start~~~#0000FF^^1~905~-791~0~10~end~~~#0000FF^^0~907~-790^^0~M 910 -787 L 913 -790 L 910 -793#@$P~show~0~12~890~-750~180~gge2779~0^^890~-750^^M 890 -750 h 20~#880000^^1~912~-747~0~D5(14)~start~~~#0000FF^^1~905~-751~0~12~end~~~#0000FF^^0~907~-750^^0~M 910 -747 L 913 -750 L 910 -753#@$P~show~0~13~890~-730~180~gge2786~0^^890~-730^^M 890 -730 h 20~#880000^^1~912~-727~0~D6(12)~start~~~#0000FF^^1~905~-731~0~13~end~~~#0000FF^^0~907~-730^^0~M 910 -727 L 913 -730 L 910 -733#@$P~show~0~14~890~-710~180~gge2793~0^^890~-710^^M 890 -710 h 20~#880000^^1~912~-707~0~D7(13)~start~~~#0000FF^^1~905~-711~0~14~end~~~#0000FF^^0~907~-710^^0~M 910 -707 L 913 -710 L 910 -713#@$P~show~0~15~890~-690~180~gge2800~0^^890~-690^^M 890 -690 h 20~#880000^^1~912~-687~0~D8(15)~start~~~#0000FF^^1~905~-691~0~15~end~~~#0000FF^^0~907~-690^^0~M 910 -687 L 913 -690 L 910 -693#@$P~show~0~16~890~-670~180~gge2807~0^^890~-670^^M 890 -670 h 20~#880000^^1~912~-667~0~3V3~start~~~#0000FF^^1~905~-671~0~16~end~~~#0000FF^^0~907~-670^^0~M 910 -667 L 913 -670 L 910 -673#@$T~PK~888~-619.26~0~#000080~Arial~~~~~comment~NODEMCU-D1_16MB~1~start~gge2683~0~",
          "F~part_netLabel_gnD~1130~-690~90~gge2956~~0^^1130~-690^^GND~#000000~1147.21875~-686.078125~0~start~1~Times New Roman~9pt~flag_gge46^^PL~1140 -690 1130 -690~#000000~1~0~transparent~gge2960~0^^PL~1140 -681 1140 -699~#000000~1~0~transparent~gge2961~0^^PL~1142 -684 1142 -696~#000000~1~0~transparent~gge2962~0^^PL~1144 -687 1144 -693~#000000~1~0~transparent~gge2963~0^^PL~1146 -689 1146 -691~#000000~1~0~transparent~gge2964~0",
          "F~part_netLabel_VCC~890~-670~90~gge2966~~0^^890~-670^^VCC~#000000~854.828125~-666~0~start~1~Times New Roman~9pt~flag_gge47^^PL~880 -670 890 -670~#000000~1~0~transparent~gge2970~0^^PL~880 -665 880 -675~#000000~1~0~transparent~gge2971~0",
          "F~part_netLabel_VCC~1095~-670~270~gge2983~~0^^1095~-670^^5V~#000000~1105.5078125~-665.9296875~0~start~1~Times New Roman~9pt~flag_gge48^^PL~1105 -670 1095 -670~#000000~1~0~transparent~gge2987~0^^PL~1105 -675 1105 -665~#000000~1~0~transparent~gge2988~0",
          "LIB~995~-590~package`SOD-123FL_L2.7-W1.8-LS3.8-RD`BOM_Supplier`LCSC`BOM_Supplier Part`C209586`BOM_Manufacturer`ROHM Semicon`BOM_Manufacturer Part`KDZVTR3.6B`Contributor`LCSC`spicePre`D`spiceSymbolName`KDZVTR3.6B`~~0~ggeb80f156b66fe71ac~b419bb17db0940dcbcfe5071201cd41a~b6ce457b7f0749469e2a0aa7a6f33d6f~0~~yes~yes#@$T~N~989.046875~-603~0~#000080~Arial~~~~~comment~KDZVTR3.6B~1~start~gge3520~0~#@$T~P~989.046875~-612.140625~0~#000080~Arial~~~~~comment~D2~1~start~gge3522~0~#@$P~show~0~2~1015~-590~0~gge3524~0^^1015~-590^^M 1015 -590 h -15~#880000^^0~997~-587~0~A~end~~~#0000FF^^0~1006~-591~0~2~start~~~#0000FF^^0~1003~-590^^0~M 1000 -593 L 997 -590 L 1000 -587#@$P~show~0~1~975~-590~180~gge3531~0^^975~-590^^M 975 -590 h 15~#880000^^0~993~-587~0~K~start~~~#0000FF^^0~984~-591~0~1~end~~~#0000FF^^0~987~-590^^0~M 990 -587 L 993 -590 L 990 -593#@$PL~986 -600 989 -597 989 -597 989 -582 989 -582 992 -579~#880000~1~0~none~gge3538~0#@$PT~M 1000 -596 L 990 -590 L 1000 -583 Z ~#880000~1~0~#880000~gge3539~0~",
          "W~890 -670 890 -590 975 -590~#008800~1~0~none~gge3543~0",
          "W~1130 -690 1095 -690~#008800~1~0~none~gge3545~0",
          "W~1015 -590 1130 -590 1130 -690~#008800~1~0~none~gge3546~0",
          "LIB~225~-585~package`CONN-TH_4P-P2.50_HX25003-4A`BOM_Supplier`LCSC`BOM_Supplier Part`C442301`BOM_Manufacturer`HX(Zhejiang Yueqing Hongxing Elec)`BOM_Manufacturer Part`HX25003-4A`Contributor`LCSC`BOM_LCSC Assembly`Yes`SMT Type`Extend`spicePre`C`spiceSymbolName`HX25003-4A`Package Display`No`~~0~gge58233d134f231207~1621b615d5c34db4804303fd24add8fc~6a00c96a483b4ae18d303370e04f3599~0~~yes~yes#@$T~N~207.34375~-613~0~#000080~Arial~~~~~comment~HX25003-4A~1~start~gge3554~0~#@$T~P~207.34~-621.84~0~#000080~Arial~~~~~comment~CN13~1~start~gge3556~0~#@$R~215~-610~2~2~20~50~#880000~1~0~none~gge3558~0~#@$E~220~-605~1.5~1.5~#880000~1~0~#880000~gge3559~0#@$P~show~0~1~205~-600~180~gge3560~0^^205~-600^^M 205 -600 h 10~#880000^^1~218.7~-596~0~1~start~~~#0000FF^^1~214.5~-601~0~1~end~~~#0000FF^^0~212~-600^^0~M 215 -597 L 218 -600 L 215 -603#@$P~show~0~2~205~-590~180~gge3567~0^^205~-590^^M 205 -590 h 10~#880000^^1~218.7~-586~0~2~start~~~#0000FF^^1~214.5~-591~0~2~end~~~#0000FF^^0~212~-590^^0~M 215 -587 L 218 -590 L 215 -593#@$P~show~0~3~205~-580~180~gge3574~0^^205~-580^^M 205 -580 h 10~#880000^^1~218.7~-576~0~3~start~~~#0000FF^^1~214.5~-581~0~3~end~~~#0000FF^^0~212~-580^^0~M 215 -577 L 218 -580 L 215 -583#@$P~show~0~4~205~-570~180~gge3581~0^^205~-570^^M 205 -570 h 10~#880000^^1~218.7~-566~0~4~start~~~#0000FF^^1~214.5~-571~0~4~end~~~#0000FF^^0~212~-570^^0~M 215 -567 L 218 -570 L 215 -573",
          "LIB~1200~-410~package`CONN-TH_4P-P2.50_HX25003-4A`BOM_Supplier`LCSC`BOM_Supplier Part`C442301`BOM_Manufacturer`HX(Zhejiang Yueqing Hongxing Elec)`BOM_Manufacturer Part`HX25003-4A`Contributor`LCSC`BOM_LCSC Assembly`Yes`SMT Type`Extend`spicePre`C`spiceSymbolName`HX25003-4A`Package Display`No`~90~0~gge1a53459eb3ea66ce~1621b615d5c34db4804303fd24add8fc~6a00c96a483b4ae18d303370e04f3599~0~~yes~yes#@$T~N~1190.0625~-423~0~#000080~Arial~~~~~comment~HX25003-4A~1~start~gge3591~0~#@$T~P~1190.79~-432.1471875~0~#000080~Arial~~~~~comment~CN2~1~start~gge3593~0~#@$R~1175~-420~2~2~50~20~#880000~1~0~none~gge3595~0~#@$E~1180~-405~1.5~1.5~#880000~1~0~#880000~gge3596~0#@$P~show~0~1~1185~-390~270~gge3597~0^^1185~-390^^M 1185 -390 v -10~#880000^^1~1189~-403.7~270~1~start~~~#0000FF^^1~1184~-399.5~270~1~end~~~#0000FF^^0~1185~-397^^0~M 1188 -400 L 1185 -403 L 1182 -400#@$P~show~0~2~1195~-390~270~gge3604~0^^1195~-390^^M 1195 -390 v -10~#880000^^1~1199~-403.7~270~2~start~~~#0000FF^^1~1194~-399.5~270~2~end~~~#0000FF^^0~1195~-397^^0~M 1198 -400 L 1195 -403 L 1192 -400#@$P~show~0~3~1205~-390~270~gge3611~0^^1205~-390^^M 1205 -390 v -10~#880000^^1~1209~-403.7~270~3~start~~~#0000FF^^1~1204~-399.5~270~3~end~~~#0000FF^^0~1205~-397^^0~M 1208 -400 L 1205 -403 L 1202 -400#@$P~show~0~4~1215~-390~270~gge3618~0^^1215~-390^^M 1215 -390 v -10~#880000^^1~1219~-403.7~270~4~start~~~#0000FF^^1~1214~-399.5~270~4~end~~~#0000FF^^0~1215~-397^^0~M 1218 -400 L 1215 -403 L 1212 -400",
          "LIB~450~-765~package`DFPLAYER_CS_A`BOM_Supplier`LCSC`BOM_Supplier Part`C2829314`BOM_Manufacturer`null`BOM_Manufacturer Part`MP3-TF-16P2`Contributor`LCSC`BOM_JLCPCB Part Class`Extended Part`spicePre`U`spiceSymbolName`MP3-TF-16P2`~~0~ggeb162ad2c4cc4e877~1151af1ef2444ff0a77fa296b6a8588d~fde0be6b43404af684ac96cf02e3940b~0~~yes~yes#@$T~N~444.25~-813~0~#000080~Arial~~~~~comment~MP3-TF-16P2~1~start~gge3621~0~#@$T~P~444.25~-822~0~#000080~Arial~~~~~comment~U2~1~start~gge3623~0~#@$R~405~-810~2~2~90~90~#880000~1~0~none~gge3625~0~#@$E~410~-805~1.5~1.5~#880000~1~0~#880000~gge3626~0#@$P~show~0~1~395~-800~180~gge3627~0^^395~-800^^M 395 -800 h 10~#FF0000^^1~408.7~-796~0~VCC~start~~~#FF0000^^1~404.5~-801~0~1~end~~~#FF0000^^0~402~-800^^0~M 405 -797 L 408 -800 L 405 -803#@$P~show~0~2~395~-790~180~gge3634~0^^395~-790^^M 395 -790 h 10~#880000^^1~408.7~-786~0~RX~start~~~#0000FF^^1~404.5~-791~0~2~end~~~#0000FF^^0~402~-790^^0~M 405 -787 L 408 -790 L 405 -793#@$P~show~0~3~395~-780~180~gge3641~0^^395~-780^^M 395 -780 h 10~#880000^^1~408.7~-776~0~TX~start~~~#0000FF^^1~404.5~-781~0~3~end~~~#0000FF^^0~402~-780^^0~M 405 -777 L 408 -780 L 405 -783#@$P~show~0~4~395~-770~180~gge3648~0^^395~-770^^M 395 -770 h 10~#880000^^1~408.7~-766~0~DAC_R~start~~~#0000FF^^1~404.5~-771~0~4~end~~~#0000FF^^0~402~-770^^0~M 405 -767 L 408 -770 L 405 -773#@$P~show~0~5~395~-760~180~gge3655~0^^395~-760^^M 395 -760 h 10~#880000^^1~408.7~-756~0~DAc_L~start~~~#0000FF^^1~404.5~-761~0~5~end~~~#0000FF^^0~402~-760^^0~M 405 -757 L 408 -760 L 405 -763#@$P~show~0~6~395~-750~180~gge3662~0^^395~-750^^M 395 -750 h 10~#880000^^1~408.7~-746~0~SPK2~start~~~#0000FF^^1~404.5~-751~0~6~end~~~#0000FF^^0~402~-750^^0~M 405 -747 L 408 -750 L 405 -753#@$P~show~0~7~395~-740~180~gge3669~0^^395~-740^^M 395 -740 h 10~#000000^^1~408.7~-736~0~GND~start~~~#000000^^1~404.5~-741~0~7~end~~~#000000^^0~402~-740^^0~M 405 -737 L 408 -740 L 405 -743#@$P~show~0~8~395~-730~180~gge3676~0^^395~-730^^M 395 -730 h 10~#880000^^1~408.7~-726~0~SPK1~start~~~#0000FF^^1~404.5~-731~0~8~end~~~#0000FF^^0~402~-730^^0~M 405 -727 L 408 -730 L 405 -733#@$P~show~0~9~505~-730~0~gge3683~0^^505~-730^^M 505 -730 h -10~#880000^^1~491.3~-726~0~IO1~end~~~#0000FF^^1~495.5~-731~0~9~start~~~#0000FF^^0~498~-730^^0~M 495 -733 L 492 -730 L 495 -727#@$P~show~0~10~505~-740~0~gge3690~0^^505~-740^^M 505 -740 h -10~#000000^^1~491.3~-736~0~GND~end~~~#000000^^1~495.5~-741~0~10~start~~~#000000^^0~498~-740^^0~M 495 -743 L 492 -740 L 495 -737#@$P~show~0~11~505~-750~0~gge3697~0^^505~-750^^M 505 -750 h -10~#880000^^1~491.3~-746~0~IO2~end~~~#0000FF^^1~495.5~-751~0~11~start~~~#0000FF^^0~498~-750^^0~M 495 -753 L 492 -750 L 495 -747#@$P~show~0~12~505~-760~0~gge3704~0^^505~-760^^M 505 -760 h -10~#880000^^1~491.3~-756~0~ADKEY1~end~~~#0000FF^^1~495.5~-761~0~12~start~~~#0000FF^^0~498~-760^^0~M 495 -763 L 492 -760 L 495 -757#@$P~show~0~13~505~-770~0~gge3711~0^^505~-770^^M 505 -770 h -10~#880000^^1~491.3~-766~0~ADKEY2~end~~~#0000FF^^1~495.5~-771~0~13~start~~~#0000FF^^0~498~-770^^0~M 495 -773 L 492 -770 L 495 -767#@$P~show~0~14~505~-780~0~gge3718~0^^505~-780^^M 505 -780 h -10~#880000^^1~491.3~-776~0~USB+~end~~~#0000FF^^1~495.5~-781~0~14~start~~~#0000FF^^0~498~-780^^0~M 495 -783 L 492 -780 L 495 -777#@$P~show~0~15~505~-790~0~gge3725~0^^505~-790^^M 505 -790 h -10~#880000^^1~491.3~-786~0~USB-~end~~~#0000FF^^1~495.5~-791~0~15~start~~~#0000FF^^0~498~-790^^0~M 495 -793 L 492 -790 L 495 -787#@$P~show~0~16~505~-800~0~gge3732~0^^505~-800^^M 505 -800 h -10~#880000^^1~491.3~-796~0~Busy~end~~~#0000FF^^1~495.5~-801~0~16~start~~~#0000FF^^0~498~-800^^0~M 495 -803 L 492 -800 L 495 -797",
          "J~785~-165~2.5~#CC0000~gge91~0",
          "J~710~-510~2.5~#CC0000~gge94~0",
          "J~775~-510~2.5~#CC0000~gge97~0",
          "J~840~-510~2.5~#CC0000~gge100~0",
          "J~710~-245~2.5~#CC0000~gge103~0",
          "J~870~-360~2.5~#CC0000~gge118~0",
          "J~805~-375~2.5~#CC0000~gge121~0",
          "J~905~-255~2.5~#CC0000~gge124~0",
          "J~785~-365~2.5~#CC0000~gge127~0",
          "J~630~-245~2.5~#CC0000~gge130~0",
          "J~775~-165~2.5~#CC0000~gge139~0",
          "J~740~-165~2.5~#CC0000~gge151~0",
          "J~750~-165~2.5~#CC0000~gge154~0",
          "J~760~-165~2.5~#CC0000~gge157~0",
          "J~805~-165~2.5~#CC0000~gge160~0",
          "J~815~-165~2.5~#CC0000~gge163~0",
          "J~825~-165~2.5~#CC0000~gge166~0",
          "J~1195~-355~2.5~#CC0000~gge169~0",
          "J~1230~-475~2.5~#CC0000~gge172~0",
          "J~1230~-535~2.5~#CC0000~gge175~0",
          "J~1270~-375~2.5~#CC0000~gge178~0",
          "J~1205~-330~2.5~#CC0000~gge181~0",
          "J~1165~-355~2.5~#CC0000~gge184~0",
          "J~1185~-330~2.5~#CC0000~gge187~0",
          "J~690~-300~2.5~#CC0000~gge193~0",
          "J~675~-415~2.5~#CC0000~gge196~0",
          "J~1375~-515~2.5~#CC0000~gge199~0",
          "J~1375~-495~2.5~#CC0000~gge202~0",
          "J~345~-355~2.5~#CC0000~gge2989~0",
          "J~1355~-385~2.5~#CC0000~gge190~0",
          "J~890~-670~2.5~#CC0000~gge3544~0",
          "J~1130~-690~2.5~#CC0000~gge3549~0",
          "J~545~-740~2.5~#CC0000~gge3867~0"
        ],
        "BBox": {
          "x": 156.8,
          "y": -871.4,
          "width": 1369.9,
          "height": 735
        },
        "colors": {}
      }
    }
  ]
}